id,sku,name,category,packageWeightKg,stock,picks,packageLengthM,packageWidthM,packageHeightM,unitsPerContainer,stackable,allowHorizontalRotation,storageType,velocity,visualType
"P001","SKU-OFF-0001","A4 Folder 1","Office",0.6,31,79,0.24,0.16,0.09,9,TRUE,TRUE,"shelf","B","bag"
"P002","SKU-GAR-0002","Pruning Shears 1","Gardening",19.16,17,42,1.27,0.75,0.45,4,TRUE,TRUE,"pallet","C","pallet"
"P003","SKU-DAI-0003","Yogurt Cup 1","Dairy",2.19,27,319,0.4,0.29,0.24,10,TRUE,FALSE,"refrigerated","A","crate"
"P004","SKU-FRO-0004","French Fries 1","Frozen",3.36,20,188,0.55,0.38,0.34,12,FALSE,TRUE,"refrigerated","A","drum"
"P005","SKU-BEV-0005","Energy Drink 1","Beverages",2,20,75,0.37,0.24,0.2,2,FALSE,TRUE,"refrigerated","A","tube"
"P006","SKU-BEA-0006","Hand Cream 1","Beauty",2.28,21,86,0.2,0.19,0.11,14,FALSE,TRUE,"shelf","A","can"
"P007","SKU-OFF-0007","Stapler 1","Office",16.8,37,133,1.19,0.75,0.45,4,TRUE,TRUE,"pallet","B","pallet"
"P008","SKU-FRO-0008","Frozen Berry Mix 1","Frozen",4.72,24,256,0.55,0.38,0.34,2,TRUE,TRUE,"refrigerated","A","box"
"P009","SKU-HOM-0009","Floor Cleaner 1","Home Care",3.12,24,119,0.2,0.2,0.15,6,FALSE,FALSE,"fragile","B","bag"
"P010","SKU-OFF-0010","A4 Folder 2","Office",2.4,40,160,0.24,0.16,0.09,4,TRUE,FALSE,"shelf","B","bottle"
"P011","SKU-CLE-0011","Mop Head 2","Cleaning",24.68,26,141,1.27,0.75,0.48,6,FALSE,TRUE,"pallet","C","pallet"
"P012","SKU-SNA-0012","Potato Chips 2","Snacks",4.41,27,152,0.2,0.22,0.11,6,TRUE,FALSE,"shelf","C","drum"
"P013","SKU-HOM-0013","Air Freshener 2","Home Care",21.24,28,163,1.21,0.75,0.45,5,TRUE,TRUE,"pallet","C","pallet"
"P014","SKU-FRO-0014","Mixed Vegetables 2","Frozen",6.76,30,358,0.55,0.38,0.34,8,FALSE,TRUE,"refrigerated","B","can"
"P015","SKU-HOM-0015","Floor Cleaner 2","Home Care",4.8,30,185,0.2,0.24,0.15,12,TRUE,TRUE,"shelf","C","pack"
"P016","SKU-GAR-0016","Plant Fertilizer 2","Gardening",5.08,31,196,0.26,0.2,0.16,13,TRUE,TRUE,"shelf","C","box"
"P017","SKU-PET-0017","Pet Shampoo 2","Pet Supplies",5.36,32,207,0.32,0.17,0.18,3,FALSE,TRUE,"fragile","C","bag"
"P018","SKU-CLE-0018","All-Purpose Wipes 2","Cleaning",5.64,33,218,0.2,0.26,0.11,14,TRUE,TRUE,"shelf","C","bottle"
"P019","SKU-BEA-0019","Hand Cream 2","Beauty",24.92,34,229,1.21,0.75,0.45,6,FALSE,TRUE,"pallet","A","pallet"
"P020","SKU-HOM-0020","Air Freshener 3","Home Care",6.2,35,240,0.32,0.19,0.14,3,TRUE,FALSE,"shelf","C","drum"
"P021","SKU-GAR-0021","Garden Seeds 3","Gardening",6.48,36,251,0.2,0.15,0.15,4,TRUE,TRUE,"shelf","C","tube"
"P022","SKU-PET-0022","Paw Cream 3","Pet Supplies",6.76,37,262,0.26,0.24,0.16,8,TRUE,FALSE,"fragile","C","can"
"P023","SKU-GAR-0023","Potting Mix 3","Gardening",7.04,38,23,0.32,0.2,0.18,6,TRUE,TRUE,"shelf","A","pack"
"P024","SKU-PET-0024","Pet Shampoo 3","Pet Supplies",7.32,39,34,0.2,0.17,0.11,10,TRUE,TRUE,"shelf","C","box"
"P025","SKU-SNA-0025","Potato Chips 3","Snacks",8.05,40,45,0.26,0.26,0.12,5,TRUE,TRUE,"shelf","C","bag"
"P026","SKU-TOO-0026","Measuring Tape 3","Tools",11.82,34,211,0.28,0.18,0.15,5,TRUE,TRUE,"shelf","C","bottle"
"P027","SKU-PET-0027","Cat Toy 3","Pet Supplies",8.16,42,67,0.2,0.19,0.15,13,FALSE,TRUE,"fragile","A","crate"
"P028","SKU-CLE-0028","Trash Bag 3","Cleaning",8.44,43,78,0.26,0.15,0.16,10,TRUE,TRUE,"shelf","B","drum"
"P029","SKU-BEA-0029","Conditioner 3","Beauty",8.72,44,89,0.32,0.24,0.18,9,FALSE,TRUE,"shelf","A","tube"
"P030","SKU-SNA-0030","Trail Mix 4","Snacks",9.45,45,100,0.2,0.2,0.11,10,FALSE,TRUE,"fragile","B","can"
"P031","SKU-PET-0031","Pet Shampoo 4","Pet Supplies",9.28,46,111,0.26,0.17,0.12,3,TRUE,TRUE,"shelf","C","pack"
"P032","SKU-SNA-0032","Nuts Assorted 4","Snacks",10.01,47,122,0.32,0.26,0.14,12,FALSE,TRUE,"shelf","C","box"
"P033","SKU-BEV-0033","Craft Lager 4","Beverages",9.84,48,133,0.25,0.24,0.17,2,FALSE,TRUE,"refrigerated","A","bag"
"P034","SKU-BEA-0034","Deodorant 4","Beauty",10.12,49,144,0.26,0.19,0.16,14,TRUE,TRUE,"shelf","B","bottle"
"P035","SKU-DAI-0035","Whole Milk 4","Dairy",12.75,59,735,0.4,0.29,0.24,14,TRUE,TRUE,"refrigerated","A","crate"
"P036","SKU-BEA-0036","Hand Cream 4","Beauty",30.68,51,166,1.15,0.75,0.45,7,TRUE,TRUE,"pallet","C","pallet"
"P037","SKU-BEV-0037","Energy Drink 4","Beverages",10.96,52,177,0.31,0.22,0.14,6,FALSE,TRUE,"refrigerated","B","tube"
"P038","SKU-PET-0038","Paw Cream 4","Pet Supplies",11.24,53,188,0.32,0.17,0.14,10,FALSE,FALSE,"fragile","C","can"
"P039","SKU-GAR-0039","Watering Can 4","Gardening",11.52,54,199,0.2,0.26,0.15,8,FALSE,TRUE,"shelf","B","pack"
"P040","SKU-PET-0040","Pet Shampoo 5","Pet Supplies",11.8,55,210,0.26,0.22,0.16,12,TRUE,TRUE,"fragile","B","box"
"P041","SKU-CLE-0041","All-Purpose Wipes 5","Cleaning",12.08,56,221,0.32,0.19,0.18,9,TRUE,TRUE,"shelf","C","bag"
"P042","SKU-PET-0042","Cat Toy 5","Pet Supplies",12.36,57,232,0.2,0.15,0.11,14,TRUE,TRUE,"shelf","A","bottle"
"P043","SKU-OFF-0043","Stapler 5","Office",4.2,73,197,0.24,0.16,0.09,9,FALSE,TRUE,"shelf","B","crate"
"P044","SKU-HAR-0044","Bearing 6205 5","Hardware",15.22,59,254,0.32,0.2,0.14,12,TRUE,TRUE,"shelf","A","drum"
"P045","SKU-BEA-0045","Conditioner 5","Beauty",13.2,60,265,0.2,0.17,0.15,11,TRUE,TRUE,"shelf","B","tube"
"P046","SKU-SNA-0046","Trail Mix 5","Snacks",27.93,61,26,1.21,0.75,0.46,6,TRUE,TRUE,"pallet","C","pallet"
"P047","SKU-GAR-0047","Plant Fertilizer 5","Gardening",13.76,62,37,0.32,0.22,0.18,2,FALSE,FALSE,"fragile","B","pack"
"P048","SKU-TOO-0048","Level Tool 5","Tools",2.16,56,103,0.28,0.18,0.15,13,TRUE,TRUE,"fragile","C","box"
"P049","SKU-TOO-0049","Level Tool 5","Tools",2.58,57,124,0.28,0.18,0.15,14,FALSE,TRUE,"shelf","C","bag"
"P050","SKU-PET-0050","Cat Toy 6","Pet Supplies",14.6,65,70,0.32,0.24,0.14,8,TRUE,TRUE,"shelf","B","bottle"
"P051","SKU-SNA-0051","Nuts Assorted 6","Snacks",15.33,66,81,0.2,0.2,0.15,3,FALSE,TRUE,"shelf","B","crate"
"P052","SKU-BEV-0052","Energy Drink 6","Beverages",15.16,67,92,0.31,0.19,0.18,7,FALSE,TRUE,"refrigerated","B","drum"
"P053","SKU-BEA-0053","Perfume Roll 6","Beauty",15.44,68,103,0.32,0.26,0.18,5,FALSE,TRUE,"shelf","A","tube"
"P054","SKU-DAI-0054","Cream 35% 6","Dairy",19.02,78,362,0.4,0.29,0.24,5,TRUE,FALSE,"refrigerated","A","can"
"P055","SKU-BEA-0055","Deodorant 6","Beauty",33,70,125,1.21,0.75,0.45,8,TRUE,TRUE,"pallet","C","pallet"
"P056","SKU-TOO-0056","Measuring Tape 6","Tools",13.52,64,81,1.23,0.75,0.45,3,TRUE,TRUE,"pallet","C","pallet"
"P057","SKU-SNA-0057","Granola Bites 6","Snacks",17.01,72,147,0.2,0.24,0.15,9,TRUE,TRUE,"shelf","B","bag"
"P058","SKU-BEV-0058","Mineral Water 6","Beverages",16.84,73,158,0.31,0.22,0.18,13,FALSE,TRUE,"refrigerated","B","bottle"
"P059","SKU-PET-0059","Pet Shampoo 6","Pet Supplies",17.12,74,169,0.32,0.17,0.18,3,FALSE,TRUE,"shelf","C","crate"
"P060","SKU-OFF-0060","Stapler 7","Office",2.8,90,90,0.24,0.16,0.09,12,TRUE,TRUE,"shelf","B","drum"
"P061","SKU-CLE-0061","Mop Head 7","Cleaning",17.68,76,191,0.26,0.22,0.12,15,TRUE,TRUE,"shelf","B","tube"
"P062","SKU-BEA-0062","Body Lotion 7","Beauty",27.96,77,202,1.27,0.75,0.45,6,TRUE,TRUE,"pallet","B","pallet"
"P063","SKU-TOO-0063","Safety Gloves 7","Tools",23.46,71,228,1.23,0.75,0.45,5,TRUE,FALSE,"pallet","C","pallet"
"P064","SKU-SNA-0064","Potato Chips 7","Snacks",18.97,79,224,0.26,0.24,0.16,2,TRUE,TRUE,"shelf","A","box"
"P065","SKU-HOM-0065","Floor Cleaner 7","Home Care",29.8,80,235,1.27,0.75,0.48,7,TRUE,TRUE,"pallet","C","pallet"
"P066","SKU-PET-0066","Cat Toy 7","Pet Supplies",35.08,81,246,1.15,0.75,0.45,8,TRUE,TRUE,"pallet","B","pallet"
"P067","SKU-TOO-0067","Safety Gloves 7","Tools",10.14,10,122,0.28,0.18,0.15,4,TRUE,TRUE,"shelf","C","crate"
"P068","SKU-FRO-0068","Frozen Pizza 7","Frozen",6.42,84,256,0.55,0.38,0.34,6,FALSE,FALSE,"refrigerated","B","drum"
"P069","SKU-TOO-0069","Socket Set 7","Tools",27.98,12,164,1.23,0.75,0.45,6,TRUE,TRUE,"pallet","C","pallet"
"P070","SKU-DAI-0070","Cream 35% 8","Dairy",4.5,94,570,0.4,0.29,0.24,7,TRUE,TRUE,"refrigerated","A","can"
"P071","SKU-BEA-0071","Hand Cream 8","Beauty",20.48,86,51,0.32,0.24,0.18,9,FALSE,TRUE,"shelf","C","pack"
"P072","SKU-DAI-0072","Curd Set 8","Dairy",5.16,96,596,0.4,0.29,0.24,9,TRUE,TRUE,"refrigerated","A","box"
"P073","SKU-BEA-0073","Hand Cream 8","Beauty",21.04,88,73,0.26,0.17,0.12,11,TRUE,TRUE,"shelf","B","bag"
"P074","SKU-OFF-0074","Stapler 8","Office",0.8,104,216,0.24,0.16,0.09,12,FALSE,TRUE,"shelf","B","bottle"
"P075","SKU-GAR-0075","Garden Seeds 8","Gardening",21.6,90,95,0.2,0.22,0.15,2,FALSE,TRUE,"shelf","C","crate"
"P076","SKU-PET-0076","Cat Toy 8","Pet Supplies",21.88,91,106,0.26,0.19,0.16,6,TRUE,TRUE,"shelf","C","drum"
"P077","SKU-OFF-0077","Binder Clips 8","Office",1.4,107,243,0.24,0.16,0.09,15,TRUE,TRUE,"shelf","B","tube"
"P078","SKU-GAR-0078","Pruning Shears 8","Gardening",22.44,93,128,0.2,0.24,0.11,5,FALSE,TRUE,"shelf","A","can"
"P079","SKU-FRO-0079","Frozen Berry Mix 8","Frozen",10.16,95,443,0.55,0.38,0.34,3,TRUE,TRUE,"refrigerated","A","pack"
"P080","SKU-TOO-0080","Measuring Tape 9","Tools",15.6,23,205,0.28,0.18,0.15,3,TRUE,TRUE,"shelf","C","box"
"P081","SKU-BEA-0081","Perfume Roll 9","Beauty",0.88,96,161,0.2,0.26,0.15,5,TRUE,TRUE,"shelf","A","bag"
"P082","SKU-DAI-0082","Yogurt Cup 9","Dairy",8.46,106,726,0.4,0.29,0.24,5,FALSE,FALSE,"refrigerated","A","bottle"
"P083","SKU-FRO-0083","Mixed Vegetables 9","Frozen",11.52,99,171,0.55,0.38,0.34,7,FALSE,TRUE,"refrigerated","B","crate"
"P084","SKU-BEV-0084","Craft Lager 9","Beverages",1.72,99,194,0.25,0.17,0.14,11,FALSE,FALSE,"refrigerated","B","drum"
"P085","SKU-FRO-0085","Frozen Berry Mix 9","Frozen",12.2,101,205,0.55,0.38,0.34,9,FALSE,TRUE,"refrigerated","A","tube"
"P086","SKU-BEV-0086","Iced Tea 9","Beverages",2.28,101,216,0.37,0.22,0.16,13,FALSE,TRUE,"refrigerated","C","can"
"P087","SKU-PET-0087","Pet Shampoo 9","Pet Supplies",2.56,102,227,0.2,0.17,0.15,3,TRUE,TRUE,"shelf","C","pack"
"P088","SKU-SNA-0088","Trail Mix 9","Snacks",3.29,103,238,0.26,0.26,0.16,12,TRUE,TRUE,"shelf","A","box"
"P089","SKU-HOM-0089","Laundry Detergent 9","Home Care",22.12,104,249,1.27,0.75,0.48,5,TRUE,TRUE,"pallet","B","pallet"
"P090","SKU-FRO-0090","Berry Smoothie Cubes 10","Frozen",13.9,16,290,0.55,0.38,0.34,14,FALSE,TRUE,"refrigerated","A","bottle"
"P091","SKU-TOO-0091","Socket Set 10","Tools",1.32,34,56,0.28,0.18,0.15,14,FALSE,FALSE,"fragile","C","crate"
"P092","SKU-HOM-0092","Floor Cleaner 10","Home Care",3.96,107,32,0.32,0.24,0.14,5,TRUE,TRUE,"shelf","A","drum"
"P093","SKU-HAR-0093","Pneumatic Valve 10","Hardware",6.54,108,43,0.2,0.2,0.15,5,TRUE,TRUE,"shelf","B","tube"
"P094","SKU-BEA-0094","Hand Cream 10","Beauty",4.52,109,54,0.26,0.17,0.16,4,FALSE,TRUE,"fragile","A","can"
"P095","SKU-GAR-0095","Plant Fertilizer 10","Gardening",4.8,110,65,0.32,0.26,0.18,8,TRUE,TRUE,"shelf","C","pack"
"P096","SKU-BEA-0096","Deodorant 10","Beauty",5.08,111,76,0.2,0.22,0.11,6,TRUE,TRUE,"shelf","A","box"
"P097","SKU-SNA-0097","Granola Bites 10","Snacks",5.81,112,87,0.26,0.19,0.12,7,TRUE,TRUE,"shelf","B","bag"
"P098","SKU-TOO-0098","Socket Set 10","Tools",4.26,41,203,0.28,0.18,0.15,7,TRUE,TRUE,"shelf","C","bottle"
"P099","SKU-PET-0099","Pet Shampoo 10","Pet Supplies",5.92,114,109,0.2,0.24,0.15,15,TRUE,TRUE,"shelf","B","crate"
"P100","SKU-SNA-0100","Nuts Assorted 11","Snacks",6.65,115,120,0.26,0.2,0.16,10,TRUE,TRUE,"shelf","C","drum"
"P101","SKU-BEV-0101","Craft Lager 11","Beverages",6.48,116,131,0.37,0.19,0.2,14,FALSE,TRUE,"refrigerated","C","tube"
"P102","SKU-PET-0102","Dog Food 20kg 11","Pet Supplies",20.76,117,142,1.15,0.75,0.45,5,FALSE,TRUE,"pallet","A","pallet"
"P103","SKU-HOM-0103","Disinfectant Spray 11","Home Care",7.04,118,153,0.26,0.22,0.12,2,FALSE,TRUE,"fragile","A","pack"
"P104","SKU-SNA-0104","Potato Chips 11","Snacks",17.77,119,164,1.27,0.75,0.45,4,FALSE,TRUE,"pallet","B","pallet"
"P105","SKU-CLE-0105","Microfiber Cloth 11","Cleaning",7.6,120,175,0.2,0.15,0.15,3,FALSE,TRUE,"shelf","B","bag"
"P106","SKU-PET-0106","Dog Food 20kg 11","Pet Supplies",7.88,121,186,0.26,0.24,0.16,8,TRUE,TRUE,"shelf","C","bottle"
"P107","SKU-OFF-0107","Label Roll 11","Office",2.6,137,253,0.24,0.16,0.09,3,TRUE,TRUE,"shelf","B","crate"
"P108","SKU-CLE-0108","Microfiber Cloth 11","Cleaning",8.44,123,208,0.2,0.17,0.11,6,TRUE,TRUE,"shelf","C","drum"
"P109","SKU-FRO-0109","French Fries 11","Frozen",20.36,35,273,0.55,0.38,0.34,5,FALSE,TRUE,"refrigerated","A","tube"
"P110","SKU-HOM-0110","Floor Cleaner 12","Home Care",9,125,230,0.32,0.22,0.14,9,TRUE,TRUE,"shelf","B","can"
"P111","SKU-GAR-0111","Plant Fertilizer 12","Gardening",9.28,126,241,0.2,0.19,0.15,10,FALSE,FALSE,"fragile","A","pack"
"P112","SKU-HOM-0112","Laundry Detergent 12","Home Care",9.56,127,252,0.26,0.15,0.16,11,FALSE,TRUE,"shelf","A","box"
"P113","SKU-GAR-0113","Pruning Shears 12","Gardening",9.84,128,263,0.32,0.24,0.18,12,TRUE,TRUE,"shelf","A","bag"
"P114","SKU-FRO-0114","Berry Smoothie Cubes 12","Frozen",3.36,40,358,0.55,0.38,0.34,10,FALSE,TRUE,"refrigerated","B","bottle"
"P115","SKU-HOM-0115","Laundry Detergent 12","Home Care",10.4,130,35,0.26,0.17,0.12,14,FALSE,TRUE,"shelf","C","crate"
"P116","SKU-GAR-0116","Plant Fertilizer 12","Gardening",10.68,131,46,0.32,0.26,0.14,15,TRUE,TRUE,"shelf","A","drum"
"P117","SKU-FRO-0117","Mixed Vegetables 12","Frozen",4.38,43,409,0.55,0.38,0.34,13,TRUE,TRUE,"refrigerated","B","tube"
"P118","SKU-BEV-0118","Iced Tea 12","Beverages",11.24,133,68,0.31,0.21,0.18,3,FALSE,TRUE,"refrigerated","B","can"
"P119","SKU-BEA-0119","Conditioner 12","Beauty",11.52,134,79,0.32,0.15,0.18,15,FALSE,FALSE,"fragile","A","pack"
"P120","SKU-GAR-0120","Pruning Shears 13","Gardening",31.8,135,90,1.15,0.75,0.45,7,FALSE,TRUE,"pallet","C","pallet"
"P121","SKU-SNA-0121","Pretzel Mix 13","Snacks",12.53,136,101,0.26,0.2,0.12,3,TRUE,TRUE,"shelf","C","bag"
"P122","SKU-TOO-0122","Socket Set 13","Tools",30.34,65,137,1.23,0.75,0.45,7,TRUE,FALSE,"pallet","C","pallet"
"P123","SKU-DAI-0123","Cream 35% 13","Dairy",2.19,37,639,0.4,0.29,0.24,4,FALSE,FALSE,"refrigerated","A","crate"
"P124","SKU-BEA-0124","Conditioner 13","Beauty",24.92,139,134,1.21,0.75,0.46,6,TRUE,FALSE,"pallet","B","pallet"
"P125","SKU-TOO-0125","Level Tool 13","Tools",15.6,68,200,0.28,0.18,0.15,6,TRUE,TRUE,"shelf","C","tube"
"P126","SKU-BEA-0126","Deodorant 13","Beauty",21.48,141,156,1.15,0.75,0.45,5,TRUE,TRUE,"pallet","B","pallet"
"P127","SKU-HOM-0127","Laundry Detergent 13","Home Care",13.76,142,167,0.26,0.24,0.12,12,TRUE,TRUE,"shelf","B","pack"
"P128","SKU-GAR-0128","Plant Fertilizer 13","Gardening",14.04,143,178,0.32,0.2,0.14,13,FALSE,FALSE,"fragile","B","box"
"P129","SKU-TOO-0129","Utility Knife 13","Tools",17.28,72,94,0.28,0.18,0.15,10,TRUE,TRUE,"shelf","C","bag"
"P130","SKU-FRO-0130","Frozen Pizza 14","Frozen",8.8,56,290,0.55,0.38,0.34,12,TRUE,FALSE,"refrigerated","B","bottle"
"P131","SKU-TOO-0131","Utility Knife 14","Tools",18.12,9,136,0.28,0.18,0.15,12,TRUE,TRUE,"shelf","C","crate"
"P132","SKU-FRO-0132","Frozen Berry Mix 14","Frozen",9.48,58,324,0.55,0.38,0.34,14,FALSE,TRUE,"refrigerated","A","drum"
"P133","SKU-TOO-0133","Utility Knife 14","Tools",18.96,11,178,0.28,0.18,0.15,14,FALSE,TRUE,"shelf","C","tube"
"P134","SKU-PET-0134","Flea Collar 14","Pet Supplies",35.72,19,244,1.27,0.75,0.45,8,TRUE,TRUE,"pallet","B","pallet"
"P135","SKU-BEV-0135","Mineral Water 14","Beverages",16,20,255,0.25,0.22,0.17,6,TRUE,TRUE,"refrigerated","C","pack"
"P136","SKU-FRO-0136","French Fries 14","Frozen",10.84,62,392,0.55,0.38,0.34,4,FALSE,TRUE,"refrigerated","B","box"
"P137","SKU-BEV-0137","Mineral Water 14","Beverages",16.56,22,27,0.37,0.28,0.2,8,TRUE,TRUE,"refrigerated","A","bag"
"P138","SKU-BEA-0138","Deodorant 14","Beauty",16.84,23,38,0.2,0.22,0.11,6,FALSE,TRUE,"fragile","A","bottle"
"P139","SKU-CLE-0139","Microfiber Cloth 14","Cleaning",34.12,24,49,1.21,0.75,0.45,8,TRUE,FALSE,"pallet","B","pallet"
"P140","SKU-OFF-0140","Stapler 15","Office",4.4,170,290,0.24,0.16,0.09,8,FALSE,TRUE,"shelf","B","drum"
"P141","SKU-CLE-0141","Mop Head 15","Cleaning",17.68,26,71,0.2,0.24,0.15,11,FALSE,TRUE,"shelf","C","tube"
"P142","SKU-BEA-0142","Conditioner 15","Beauty",35.96,27,82,1.21,0.75,0.46,8,TRUE,FALSE,"pallet","C","pallet"
"P143","SKU-HOM-0143","Air Freshener 15","Home Care",27.24,28,93,1.27,0.75,0.48,6,FALSE,TRUE,"pallet","C","pallet"
"P144","SKU-BEA-0144","Conditioner 15","Beauty",32.52,29,104,1.15,0.75,0.45,8,TRUE,TRUE,"pallet","A","pallet"
"P145","SKU-HOM-0145","Floor Cleaner 15","Home Care",37.8,30,115,1.21,0.75,0.45,9,TRUE,TRUE,"pallet","C","pallet"
"P146","SKU-PET-0146","Dog Food 20kg 15","Pet Supplies",29.08,31,126,1.27,0.75,0.45,7,TRUE,TRUE,"pallet","A","pallet"
"P147","SKU-BEV-0147","Craft Lager 15","Beverages",19.36,32,137,0.25,0.17,0.17,4,TRUE,TRUE,"refrigerated","B","crate"
"P148","SKU-BEA-0148","Perfume Roll 15","Beauty",19.64,33,148,0.26,0.24,0.16,2,FALSE,FALSE,"shelf","B","drum"
"P149","SKU-SNA-0149","Trail Mix 15","Snacks",20.37,34,159,0.32,0.2,0.18,3,TRUE,FALSE,"shelf","B","tube"
"P150","SKU-BEV-0150","Energy Drink 16","Beverages",20.2,35,170,0.25,0.19,0.14,7,TRUE,TRUE,"refrigerated","C","can"
"P151","SKU-BEA-0151","Body Lotion 16","Beauty",20.48,36,181,0.26,0.26,0.12,5,FALSE,FALSE,"shelf","A","pack"
"P152","SKU-OFF-0152","A4 Folder 16","Office",2,182,138,0.24,0.16,0.09,6,TRUE,TRUE,"shelf","B","box"
"P153","SKU-GAR-0153","Watering Can 16","Gardening",21.04,38,203,0.2,0.19,0.15,10,TRUE,FALSE,"fragile","B","bag"
"P154","SKU-TOO-0154","Utility Knife 16","Tools",8.88,32,49,0.28,0.18,0.15,7,FALSE,TRUE,"shelf","C","bottle"
"P155","SKU-PET-0155","Flea Collar 16","Pet Supplies",21.6,40,225,0.32,0.24,0.18,15,TRUE,TRUE,"shelf","B","crate"
"P156","SKU-OFF-0156","Label Roll 16","Office",2.8,186,174,0.24,0.16,0.09,10,TRUE,FALSE,"shelf","B","drum"
"P157","SKU-GAR-0157","Pruning Shears 16","Gardening",22.16,42,247,0.26,0.17,0.12,14,TRUE,TRUE,"shelf","C","tube"
"P158","SKU-BEA-0158","Deodorant 16","Beauty",22.44,43,258,0.32,0.26,0.14,12,TRUE,FALSE,"shelf","C","can"
"P159","SKU-DAI-0159","Cream 35% 16","Dairy",14.07,73,487,0.4,0.29,0.24,12,FALSE,TRUE,"refrigerated","A","pack"
"P160","SKU-PET-0160","Cat Toy 17","Pet Supplies",0.6,45,30,0.26,0.19,0.16,6,TRUE,TRUE,"shelf","C","box"
"P161","SKU-SNA-0161","Granola Bites 17","Snacks",1.33,46,41,0.32,0.15,0.18,15,FALSE,TRUE,"shelf","C","bag"
"P162","SKU-BEV-0162","Iced Tea 17","Beverages",1.16,47,52,0.25,0.26,0.14,5,FALSE,TRUE,"refrigerated","A","bottle"
"P163","SKU-BEA-0163","Hand Cream 17","Beauty",1.44,48,63,0.26,0.2,0.12,3,TRUE,TRUE,"shelf","A","crate"
"P164","SKU-DAI-0164","Whole Milk 17","Dairy",15.72,78,552,0.4,0.29,0.24,3,FALSE,TRUE,"refrigerated","A","drum"
"P165","SKU-FRO-0165","French Fries 17","Frozen",2,91,205,0.55,0.38,0.34,5,TRUE,TRUE,"refrigerated","B","tube"
"P166","SKU-HOM-0166","Disinfectant Spray 17","Home Care",2.28,51,96,0.26,0.22,0.16,9,TRUE,TRUE,"shelf","A","can"
"P167","SKU-HAR-0167","Industrial Screwdriver 17","Hardware",4.86,52,107,0.32,0.19,0.18,9,TRUE,TRUE,"shelf","B","pack"
"P168","SKU-BEA-0168","Conditioner 17","Beauty",2.84,53,118,0.2,0.15,0.11,8,TRUE,TRUE,"shelf","B","box"
"P169","SKU-DAI-0169","Yogurt Cup 17","Dairy",17.37,83,617,0.4,0.29,0.24,8,FALSE,TRUE,"refrigerated","A","bag"
"P170","SKU-BEA-0170","Conditioner 18","Beauty",3.4,55,140,0.32,0.2,0.14,10,TRUE,TRUE,"shelf","B","bottle"
"P171","SKU-SNA-0171","Trail Mix 18","Snacks",4.13,56,151,0.2,0.17,0.15,11,TRUE,FALSE,"shelf","B","crate"
"P172","SKU-TOO-0172","Measuring Tape 18","Tools",16.44,50,47,0.28,0.18,0.15,11,TRUE,TRUE,"shelf","C","drum"
"P173","SKU-PET-0173","Pet Shampoo 18","Pet Supplies",23.24,58,173,1.27,0.75,0.48,5,TRUE,TRUE,"pallet","B","pallet"
"P174","SKU-BEV-0174","Energy Drink 18","Beverages",4.52,59,184,0.25,0.21,0.14,3,TRUE,TRUE,"refrigerated","B","can"
"P175","SKU-FRO-0175","Frozen Pizza 18","Frozen",5.4,101,375,0.55,0.38,0.34,15,FALSE,TRUE,"refrigerated","B","pack"
"P176","SKU-BEV-0176","Energy Drink 18","Beverages",5.08,61,206,0.37,0.26,0.16,5,TRUE,TRUE,"refrigerated","A","box"
"P177","SKU-BEA-0177","Conditioner 18","Beauty",5.36,62,217,0.2,0.2,0.15,3,TRUE,TRUE,"shelf","C","bag"
"P178","SKU-DAI-0178","Curd Set 18","Dairy",20.34,92,734,0.4,0.29,0.24,3,FALSE,TRUE,"refrigerated","A","bottle"
"P179","SKU-FRO-0179","Frozen Pizza 18","Frozen",6.76,105,443,0.55,0.38,0.34,5,FALSE,FALSE,"refrigerated","A","crate"
"P180","SKU-BEV-0180","Sparkling Water 19","Beverages",6.2,65,250,0.25,0.24,0.14,9,TRUE,TRUE,"refrigerated","C","drum"
"P181","SKU-FRO-0181","Mixed Vegetables 19","Frozen",7.44,17,137,0.55,0.38,0.34,7,TRUE,TRUE,"refrigerated","B","tube"
"P182","SKU-TOO-0182","Socket Set 19","Tools",1.74,60,67,0.28,0.18,0.15,7,TRUE,FALSE,"shelf","C","can"
"P183","SKU-BEA-0183","Hand Cream 19","Beauty",7.04,68,33,0.2,0.24,0.15,9,TRUE,TRUE,"shelf","C","pack"
"P184","SKU-DAI-0184","Yogurt Cup 19","Dairy",2.52,98,812,0.4,0.29,0.24,9,FALSE,TRUE,"refrigerated","A","box"
"P185","SKU-BEA-0185","Conditioner 19","Beauty",7.6,70,55,0.32,0.17,0.18,11,TRUE,TRUE,"shelf","C","bag"
"P186","SKU-OFF-0186","A4 Folder 19","Office",18,216,184,1.19,0.75,0.45,4,TRUE,TRUE,"pallet","B","pallet"
"P187","SKU-BEA-0187","Deodorant 19","Beauty",8.16,72,77,0.26,0.22,0.12,13,TRUE,TRUE,"shelf","A","crate"
"P188","SKU-SNA-0188","Nuts Assorted 19","Snacks",8.89,73,88,0.32,0.19,0.14,14,FALSE,FALSE,"shelf","C","drum"
"P189","SKU-HOM-0189","Air Freshener 19","Home Care",8.72,74,99,0.2,0.15,0.15,4,FALSE,FALSE,"fragile","B","tube"
"P190","SKU-DAI-0190","Cream 35% 20","Dairy",4.5,104,890,0.4,0.29,0.24,15,FALSE,TRUE,"refrigerated","A","can"
"P191","SKU-BEA-0191","Perfume Roll 20","Beauty",20.28,76,121,1.27,0.75,0.48,5,FALSE,TRUE,"pallet","C","pallet"
"P192","SKU-BEV-0192","Iced Tea 20","Beverages",9.56,77,132,0.25,0.19,0.14,7,TRUE,TRUE,"refrigerated","A","box"
"P193","SKU-BEA-0193","Deodorant 20","Beauty",9.84,78,143,0.26,0.26,0.12,5,TRUE,TRUE,"shelf","B","bag"
"P194","SKU-OFF-0194","Binder Clips 20","Office",0.8,224,256,0.24,0.16,0.09,6,TRUE,TRUE,"shelf","B","bottle"
"P195","SKU-GAR-0195","Potting Mix 20","Gardening",10.4,80,165,0.2,0.19,0.15,10,TRUE,TRUE,"shelf","C","crate"
"P196","SKU-FRO-0196","Frozen Berry Mix 20","Frozen",12.54,32,392,0.55,0.38,0.34,8,FALSE,TRUE,"refrigerated","A","drum"
"P197","SKU-BEV-0197","Mineral Water 20","Beverages",10.96,82,187,0.37,0.26,0.2,12,FALSE,FALSE,"refrigerated","A","tube"
"P198","SKU-BEA-0198","Hand Cream 20","Beauty",11.24,83,198,0.2,0.2,0.11,10,TRUE,TRUE,"shelf","B","can"
"P199","SKU-SNA-0199","Potato Chips 20","Snacks",11.97,84,209,0.26,0.17,0.12,11,FALSE,FALSE,"shelf","C","pack"
"P200","SKU-TOO-0200","Level Tool 21","Tools",9.3,13,65,0.28,0.18,0.15,11,TRUE,TRUE,"shelf","C","box"
"P201","SKU-PET-0201","Paw Cream 21","Pet Supplies",31.08,86,231,1.15,0.75,0.45,7,TRUE,FALSE,"pallet","C","pallet"
"P202","SKU-BEV-0202","Sparkling Water 21","Beverages",12.36,87,242,0.31,0.21,0.18,3,TRUE,TRUE,"refrigerated","C","bottle"
"P203","SKU-FRO-0203","French Fries 21","Frozen",14.92,39,171,0.55,0.38,0.34,15,FALSE,TRUE,"refrigerated","A","crate"
"P204","SKU-HOM-0204","Laundry Detergent 21","Home Care",32.92,89,264,1.15,0.75,0.45,8,TRUE,TRUE,"pallet","C","pallet"
"P205","SKU-PET-0205","Paw Cream 21","Pet Supplies",24.2,90,25,1.21,0.75,0.45,6,TRUE,TRUE,"pallet","C","pallet"
"P206","SKU-TOO-0206","Level Tool 21","Tools",11.82,19,191,0.28,0.18,0.15,3,TRUE,TRUE,"shelf","C","can"
"P207","SKU-FRO-0207","Frozen Berry Mix 21","Frozen",16.28,43,239,0.55,0.38,0.34,5,FALSE,FALSE,"refrigerated","A","pack"
"P208","SKU-HOM-0208","Laundry Detergent 21","Home Care",14.04,93,58,0.26,0.22,0.16,9,TRUE,TRUE,"shelf","A","box"
"P209","SKU-CLE-0209","Microfiber Cloth 21","Cleaning",14.32,94,69,0.32,0.19,0.18,9,FALSE,TRUE,"fragile","C","bag"
"P210","SKU-TOO-0210","Utility Knife 22","Tools",13.5,23,85,0.28,0.18,0.15,7,FALSE,TRUE,"shelf","C","bottle"
"P211","SKU-PET-0211","Pet Shampoo 22","Pet Supplies",27.88,96,91,1.21,0.75,0.45,6,TRUE,TRUE,"pallet","C","pallet"
"P212","SKU-TOO-0212","Utility Knife 22","Tools",14.34,25,127,0.28,0.18,0.15,9,TRUE,TRUE,"shelf","C","drum"
"P213","SKU-FRO-0213","Mixed Vegetables 22","Frozen",18.32,49,341,0.55,0.38,0.34,11,FALSE,TRUE,"refrigerated","A","tube"
"P214","SKU-BEV-0214","Craft Lager 22","Beverages",15.72,99,124,0.31,0.28,0.18,15,FALSE,TRUE,"refrigerated","C","can"
"P215","SKU-BEA-0215","Body Lotion 22","Beauty",35,100,135,1.27,0.75,0.48,8,TRUE,TRUE,"pallet","C","pallet"
"P216","SKU-TOO-0216","Level Tool 22","Tools",16.02,29,211,0.28,0.18,0.15,13,TRUE,TRUE,"shelf","C","box"
"P217","SKU-PET-0217","Cat Toy 22","Pet Supplies",16.56,102,157,0.26,0.15,0.12,7,FALSE,TRUE,"shelf","A","bag"
"P218","SKU-SNA-0218","Nuts Assorted 22","Snacks",17.29,103,168,0.32,0.24,0.14,2,TRUE,TRUE,"shelf","B","bottle"
"P219","SKU-BEV-0219","Energy Drink 22","Beverages",17.12,104,179,0.25,0.22,0.17,6,FALSE,TRUE,"refrigerated","C","crate"
"P220","SKU-FRO-0220","Frozen Berry Mix 23","Frozen",2,56,120,0.55,0.38,0.34,4,TRUE,TRUE,"refrigerated","B","drum"
"P221","SKU-TOO-0221","Utility Knife 23","Tools",18.12,34,126,0.28,0.18,0.15,4,TRUE,TRUE,"shelf","C","tube"
"P222","SKU-PET-0222","Pet Shampoo 23","Pet Supplies",17.96,107,212,0.2,0.22,0.11,12,TRUE,TRUE,"shelf","A","can"
"P223","SKU-SNA-0223","Pretzel Mix 23","Snacks",35.69,108,223,1.21,0.75,0.45,8,TRUE,FALSE,"pallet","A","pallet"
"P224","SKU-CLE-0224","Trash Bag 23","Cleaning",26.52,109,234,1.27,0.75,0.45,6,TRUE,TRUE,"pallet","C","pallet"
"P225","SKU-OFF-0225","Label Roll 23","Office",2.2,45,275,0.24,0.16,0.09,9,TRUE,TRUE,"shelf","B","bag"
"P226","SKU-CLE-0226","Bleach 23","Cleaning",19.08,111,256,0.26,0.2,0.16,12,TRUE,FALSE,"shelf","C","bottle"
"P227","SKU-PET-0227","Paw Cream 23","Pet Supplies",19.36,112,267,0.32,0.17,0.18,3,TRUE,TRUE,"shelf","A","crate"
"P228","SKU-OFF-0228","Stapler 23","Office",2.8,48,302,0.24,0.16,0.09,12,TRUE,TRUE,"shelf","B","drum"
"P229","SKU-GAR-0229","Plant Fertilizer 23","Gardening",19.92,114,39,0.26,0.22,0.12,2,FALSE,FALSE,"shelf","A","tube"
"P230","SKU-BEA-0230","Deodorant 24","Beauty",20.2,115,50,0.32,0.19,0.14,14,TRUE,FALSE,"fragile","B","can"
"P231","SKU-CLE-0231","Microfiber Cloth 24","Cleaning",20.48,116,61,0.2,0.15,0.15,3,TRUE,TRUE,"shelf","B","pack"
"P232","SKU-BEA-0232","Hand Cream 24","Beauty",20.76,117,72,0.26,0.24,0.16,2,TRUE,TRUE,"shelf","C","box"
"P233","SKU-SNA-0233","Pretzel Mix 24","Snacks",21.49,118,83,0.32,0.2,0.18,3,TRUE,TRUE,"shelf","C","bag"
"P234","SKU-BEV-0234","Sparkling Water 24","Beverages",21.32,119,94,0.25,0.19,0.14,7,FALSE,FALSE,"refrigerated","A","bottle"
"P235","SKU-PET-0235","Dog Food 20kg 24","Pet Supplies",21.6,120,105,0.26,0.26,0.12,11,FALSE,TRUE,"shelf","B","crate"
"P236","SKU-OFF-0236","A4 Folder 24","Office",4.4,56,114,0.24,0.16,0.09,6,TRUE,FALSE,"shelf","B","drum"
"P237","SKU-HAR-0237","Electrical Relay 24","Hardware",24.46,122,127,0.2,0.19,0.15,9,TRUE,FALSE,"shelf","C","tube"
"P238","SKU-FRO-0238","Mixed Vegetables 24","Frozen",8.12,74,426,0.55,0.38,0.34,8,FALSE,TRUE,"refrigerated","A","can"
"P239","SKU-HOM-0239","Disinfectant Spray 24","Home Care",22.72,124,149,0.32,0.24,0.18,12,FALSE,TRUE,"shelf","C","pack"
"P240","SKU-CLE-0240","Bleach 25","Cleaning",0.6,125,160,0.2,0.2,0.11,12,FALSE,TRUE,"shelf","A","box"
"P241","SKU-FRO-0241","Frozen Berry Mix 25","Frozen",9.14,77,137,0.55,0.38,0.34,11,FALSE,TRUE,"refrigerated","A","bag"
"P242","SKU-BEV-0242","Sparkling Water 25","Beverages",1.16,127,182,0.37,0.28,0.16,15,FALSE,FALSE,"refrigerated","A","bottle"
"P243","SKU-BEA-0243","Conditioner 25","Beauty",1.44,128,193,0.2,0.22,0.15,13,FALSE,TRUE,"shelf","C","crate"
"P244","SKU-SNA-0244","Trail Mix 25","Snacks",2.17,129,204,0.26,0.19,0.16,14,FALSE,TRUE,"shelf","C","drum"
"P245","SKU-TOO-0245","Level Tool 25","Tools",9.3,58,60,0.28,0.18,0.15,14,TRUE,FALSE,"shelf","C","tube"
"P246","SKU-FRO-0246","Berry Smoothie Cubes 25","Frozen",10.84,82,222,0.55,0.38,0.34,2,TRUE,FALSE,"refrigerated","B","can"
"P247","SKU-HOM-0247","Bathroom Gel 25","Home Care",2.56,132,237,0.26,0.2,0.12,6,TRUE,TRUE,"shelf","C","pack"
"P248","SKU-CLE-0248","All-Purpose Wipes 25","Cleaning",18.84,133,248,1.27,0.75,0.45,4,TRUE,TRUE,"pallet","B","pallet"
"P249","SKU-OFF-0249","Ink Cartridge 25","Office",2.2,69,231,0.24,0.16,0.09,5,TRUE,TRUE,"shelf","B","bag"
"P250","SKU-GAR-0250","Watering Can 26","Gardening",3.4,135,20,0.26,0.22,0.16,9,FALSE,FALSE,"fragile","A","bottle"
"P251","SKU-HOM-0251","Bathroom Gel 26","Home Care",3.68,136,31,0.32,0.19,0.18,10,FALSE,TRUE,"fragile","A","crate"
"P252","SKU-SNA-0252","Potato Chips 26","Snacks",4.41,137,42,0.2,0.15,0.11,8,TRUE,FALSE,"shelf","B","drum"
"P253","SKU-HOM-0253","Air Freshener 26","Home Care",4.24,138,53,0.26,0.24,0.12,12,TRUE,TRUE,"shelf","B","tube"
"P254","SKU-HAR-0254","Bearing 6205 26","Hardware",6.82,139,64,0.32,0.2,0.14,12,TRUE,TRUE,"shelf","A","can"
"P255","SKU-FRO-0255","Frozen Pizza 26","Frozen",13.9,91,375,0.55,0.38,0.34,11,FALSE,TRUE,"refrigerated","B","pack"
"P256","SKU-TOO-0256","Safety Gloves 26","Tools",27.92,69,101,1.23,0.75,0.45,6,TRUE,FALSE,"pallet","C","pallet"
"P257","SKU-OFF-0257","Stapler 26","Office",22.8,77,303,1.19,0.75,0.45,5,TRUE,TRUE,"pallet","B","pallet"
"P258","SKU-PET-0258","Dog Food 20kg 26","Pet Supplies",5.64,143,108,0.2,0.19,0.11,6,TRUE,TRUE,"shelf","C","bottle"
"P259","SKU-OFF-0259","Binder Clips 26","Office",4.2,79,321,0.24,0.16,0.09,15,TRUE,TRUE,"shelf","B","crate"
"P260","SKU-HAR-0260","Electrical Relay 27","Hardware",8.5,15,130,0.32,0.24,0.14,4,TRUE,FALSE,"shelf","A","drum"
"P261","SKU-FRO-0261","French Fries 27","Frozen",15.94,97,137,0.55,0.38,0.34,3,TRUE,TRUE,"refrigerated","A","tube"
"P262","SKU-HOM-0262","Bathroom Gel 27","Home Care",6.76,17,152,0.26,0.17,0.16,7,TRUE,TRUE,"shelf","C","can"
"P263","SKU-CLE-0263","Trash Bag 27","Cleaning",7.04,18,163,0.32,0.26,0.18,7,TRUE,FALSE,"shelf","B","pack"
"P264","SKU-BEA-0264","Body Lotion 27","Beauty",19.32,19,174,1.15,0.75,0.45,4,TRUE,TRUE,"pallet","A","pallet"
"P265","SKU-HOM-0265","Air Freshener 27","Home Care",7.6,20,185,0.26,0.19,0.12,10,TRUE,FALSE,"shelf","A","bag"
"P266","SKU-HAR-0266","Industrial Screwdriver 27","Hardware",10.18,21,196,0.32,0.15,0.14,10,TRUE,TRUE,"shelf","B","bottle"
"P267","SKU-FRO-0267","Mixed Vegetables 27","Frozen",17.98,103,239,0.55,0.38,0.34,9,TRUE,TRUE,"refrigerated","A","crate"
"P268","SKU-TOO-0268","Level Tool 27","Tools",18.96,16,163,0.28,0.18,0.15,9,FALSE,FALSE,"fragile","C","drum"
"P269","SKU-BEV-0269","Iced Tea 27","Beverages",8.72,24,229,0.37,0.19,0.2,14,FALSE,FALSE,"refrigerated","B","tube"
"P270","SKU-PET-0270","Dog Food 20kg 28","Pet Supplies",23,25,240,1.15,0.75,0.45,5,FALSE,TRUE,"pallet","B","pallet"
"P271","SKU-HOM-0271","Disinfectant Spray 28","Home Care",28.28,26,251,1.21,0.75,0.45,7,TRUE,TRUE,"pallet","A","pallet"
"P272","SKU-FRO-0272","Frozen Berry Mix 28","Frozen",19.68,18,324,0.55,0.38,0.34,14,TRUE,FALSE,"refrigerated","A","box"
"P273","SKU-BEV-0273","Craft Lager 28","Beverages",9.84,28,23,0.25,0.17,0.17,4,FALSE,TRUE,"refrigerated","C","bag"
"P274","SKU-BEA-0274","Body Lotion 28","Beauty",10.12,29,34,0.26,0.24,0.16,2,TRUE,TRUE,"shelf","A","bottle"
"P275","SKU-OFF-0275","Label Roll 28","Office",2.6,95,205,0.24,0.16,0.09,3,TRUE,TRUE,"shelf","B","crate"
"P276","SKU-CLE-0276","Mop Head 28","Cleaning",26.68,31,56,1.15,0.75,0.45,6,TRUE,TRUE,"pallet","C","pallet"
"P277","SKU-DAI-0277","Whole Milk 28","Dairy",13.41,81,781,0.4,0.29,0.24,4,FALSE,FALSE,"refrigerated","A","tube"
"P278","SKU-FRO-0278","French Fries 28","Frozen",3.02,24,426,0.55,0.38,0.34,6,TRUE,TRUE,"refrigerated","B","can"
"P279","SKU-TOO-0279","Utility Knife 28","Tools",4.68,27,204,0.28,0.18,0.15,6,TRUE,FALSE,"shelf","C","pack"
"P280","SKU-BEA-0280","Body Lotion 29","Beauty",11.8,35,100,0.26,0.15,0.16,8,TRUE,TRUE,"shelf","C","box"
"P281","SKU-SNA-0281","Trail Mix 29","Snacks",25.53,36,111,1.27,0.75,0.48,6,FALSE,TRUE,"pallet","C","pallet"
"P282","SKU-CLE-0282","Mop Head 29","Cleaning",30.36,37,122,1.15,0.75,0.45,7,TRUE,TRUE,"pallet","A","pallet"
"P283","SKU-OFF-0283","Label Roll 29","Office",4.2,103,277,0.24,0.16,0.09,11,FALSE,TRUE,"fragile","B","crate"
"P284","SKU-OFF-0284","Stapler 29","Office",4.4,104,286,0.24,0.16,0.09,12,TRUE,TRUE,"shelf","B","drum"
"P285","SKU-HAR-0285","Pneumatic Valve 29","Hardware",15.5,40,155,0.2,0.22,0.15,15,TRUE,FALSE,"fragile","B","tube"
"P286","SKU-HOM-0286","Laundry Detergent 29","Home Care",13.48,41,166,0.26,0.19,0.16,3,TRUE,TRUE,"shelf","A","can"
"P287","SKU-GAR-0287","Potting Mix 29","Gardening",13.76,42,177,0.32,0.15,0.18,4,FALSE,TRUE,"shelf","A","pack"
"P288","SKU-FRO-0288","Frozen Pizza 29","Frozen",6.42,34,256,0.55,0.38,0.34,2,FALSE,TRUE,"refrigerated","A","box"
"P289","SKU-HOM-0289","Disinfectant Spray 29","Home Care",14.32,44,199,0.26,0.2,0.12,6,FALSE,TRUE,"shelf","B","bag"
"P290","SKU-HAR-0290","Pneumatic Valve 30","Hardware",16.9,45,210,0.32,0.17,0.14,6,FALSE,TRUE,"shelf","B","bottle"
"P291","SKU-BEA-0291","Hand Cream 30","Beauty",14.88,46,221,0.2,0.26,0.15,5,FALSE,TRUE,"shelf","B","crate"
"P292","SKU-SNA-0292","Granola Bites 30","Snacks",27.61,47,232,1.21,0.75,0.46,6,TRUE,FALSE,"pallet","A","pallet"
"P293","SKU-HAR-0293","Pneumatic Valve 30","Hardware",17.74,48,243,0.32,0.19,0.18,9,TRUE,TRUE,"shelf","C","tube"
"P294","SKU-FRO-0294","Berry Smoothie Cubes 30","Frozen",8.46,40,358,0.55,0.38,0.34,8,FALSE,TRUE,"refrigerated","B","can"
"P295","SKU-TOO-0295","Level Tool 30","Tools",11.4,43,160,0.28,0.18,0.15,8,TRUE,FALSE,"shelf","C","pack"
"P296","SKU-FRO-0296","French Fries 30","Frozen",9.14,42,392,0.55,0.38,0.34,10,FALSE,TRUE,"refrigerated","A","box"
"P297","SKU-TOO-0297","Measuring Tape 30","Tools",21.24,45,202,1.23,0.75,0.45,5,TRUE,TRUE,"pallet","C","pallet"
"P298","SKU-SNA-0298","Trail Mix 30","Snacks",31.29,53,48,1.21,0.75,0.46,7,FALSE,TRUE,"pallet","C","pallet"
"P299","SKU-CLE-0299","Microfiber Cloth 30","Cleaning",17.12,54,59,0.32,0.22,0.18,15,TRUE,TRUE,"shelf","A","crate"
"P300","SKU-FRO-0300","Berry Smoothie Cubes 31","Frozen",10.5,46,120,0.55,0.38,0.34,14,FALSE,FALSE,"refrigerated","B","drum"
"P301","SKU-BEV-0301","Iced Tea 31","Beverages",17.68,56,81,0.31,0.17,0.14,4,TRUE,TRUE,"refrigerated","A","tube"
"P302","SKU-PET-0302","Dog Food 20kg 31","Pet Supplies",17.96,57,92,0.32,0.24,0.14,8,FALSE,FALSE,"shelf","B","can"
"P303","SKU-DAI-0303","Cream Cheese 31","Dairy",2.19,107,499,0.4,0.29,0.24,2,FALSE,TRUE,"refrigerated","A","pack"
"P304","SKU-PET-0304","Paw Cream 31","Pet Supplies",18.52,59,114,0.26,0.17,0.16,10,TRUE,TRUE,"shelf","C","box"
"P305","SKU-OFF-0305","Ink Cartridge 31","Office",3.8,125,215,0.24,0.16,0.09,5,FALSE,TRUE,"fragile","B","bag"
"P306","SKU-SNA-0306","Trail Mix 31","Snacks",19.53,61,136,0.2,0.22,0.11,6,TRUE,TRUE,"shelf","A","bottle"
"P307","SKU-BEV-0307","Craft Lager 31","Beverages",19.36,62,147,0.31,0.21,0.14,10,FALSE,TRUE,"refrigerated","B","crate"
"P308","SKU-BEA-0308","Deodorant 31","Beauty",19.64,63,158,0.32,0.15,0.14,8,FALSE,FALSE,"fragile","A","drum"
"P309","SKU-HAR-0309","Bearing 6205 31","Hardware",22.22,64,169,0.2,0.24,0.15,11,FALSE,TRUE,"shelf","C","tube"
"P310","SKU-BEA-0310","Hand Cream 32","Beauty",38.2,65,180,1.21,0.75,0.46,9,TRUE,TRUE,"pallet","B","pallet"
"P311","SKU-BEV-0311","Iced Tea 32","Beverages",20.48,66,191,0.37,0.19,0.2,14,TRUE,TRUE,"refrigerated","C","pack"
"P312","SKU-BEA-0312","Body Lotion 32","Beauty",20.76,67,202,0.2,0.26,0.11,12,FALSE,FALSE,"shelf","A","box"
"P313","SKU-DAI-0313","Curd Set 32","Dairy",5.49,117,629,0.4,0.29,0.24,12,FALSE,TRUE,"refrigerated","A","bag"
"P314","SKU-BEA-0314","Body Lotion 32","Beauty",21.32,69,224,0.32,0.19,0.14,14,FALSE,TRUE,"shelf","B","bottle"
"P315","SKU-SNA-0315","Trail Mix 32","Snacks",22.05,70,235,0.2,0.15,0.15,15,TRUE,TRUE,"shelf","B","crate"
"P316","SKU-HOM-0316","Laundry Detergent 32","Home Care",21.88,71,246,0.26,0.24,0.16,5,TRUE,TRUE,"shelf","B","drum"
"P317","SKU-CLE-0317","Bleach 32","Cleaning",22.16,72,257,0.32,0.2,0.18,5,TRUE,TRUE,"shelf","C","tube"
"P318","SKU-PET-0318","Paw Cream 32","Pet Supplies",22.44,73,268,0.2,0.17,0.11,10,TRUE,TRUE,"shelf","B","can"
"P319","SKU-SNA-0319","Trail Mix 32","Snacks",23.17,74,29,0.26,0.26,0.12,5,TRUE,TRUE,"fragile","A","pack"
"P320","SKU-BEA-0320","Deodorant 33","Beauty",0.6,75,40,0.32,0.22,0.14,6,TRUE,TRUE,"shelf","B","box"
